<?xml version='1.0' encoding='UTF-8' ?>
<timeLogEntries>
  <time id="67" path="/Non Project/PSP for Engineers/Program 2/Code" start="@1651761847000" delta="28" flag="A" />
  <time id="73" path="/Non Project/PSP for Engineers/Program 2/Postmortem" start="@1651814291906" delta="15" flag="A" />
  <time id="61" path="/Non Project/PSP for Engineers/Program 2/Design" start="@1651676974000" delta="16" flag="A" />
  <time id="62" flag="D" />
  <time id="63" flag="D" />
  <time id="64" path="/Non Project/PSP for Engineers/Program 2/Code" start="@1651702345000" delta="27" comment="" flag="A" />
  <time id="65" path="/Non Project/PSP for Engineers/Program 2/Code" start="@1651704199000" delta="116" flag="A" />
  <time id="66" flag="D" />
  <time id="68" path="/Non Project/PSP for Engineers/Program 2/Compile" start="@1651763838000" delta="48" flag="A" />
  <time id="69" path="/Non Project/PSP for Engineers/Program 2/Test" start="@1651766823000" delta="82" flag="A" />
  <time id="70" flag="D" />
  <time id="71" flag="D" />
  <time id="72" flag="D" />
  <time id="60" start="@1651624171000" flag="M" />
</timeLogEntries>
