<?xml version='1.0' encoding='UTF-8' ?>
<timeLogEntries>
  <time id="2" path="/Non Project/PSP for Engineers/Program 1/Planning" start="@1645226955000" delta="3" />
  <time id="4" path="/Non Project/PSP for Engineers/Program 1/Planning" start="@1645227194000" delta="5" />
  <time id="5" path="/Non Project/PSP for Engineers/Program 1/Design" start="@1645459726000" delta="10" />
  <time id="6" path="/Non Project/PSP for Engineers/Program 1/Design" start="@1645461143000" delta="7" />
  <time id="7" path="/Non Project/PSP for Engineers/Program 1/Code" start="@1645462926347" delta="35" interrupt="3" />
  <time id="8" path="/Non Project/PSP for Engineers/Program 1/Code" start="@1645546018000" delta="44" />
  <time id="10" path="/Non Project/PSP for Engineers/Program 1/Code" start="@1645636652000" delta="24" />
  <time id="11" path="/Non Project/PSP for Engineers/Program 1/Code" start="@1646154143000" delta="31" />
  <time id="12" path="/Non Project/PSP for Engineers/Program 1/Code" start="@1646241787000" delta="39" />
  <time id="13" path="/Non Project/PSP for Engineers/Program 1/Code" start="@1646323605000" delta="54" />
  <time id="22" path="/Non Project/PSP for Engineers/Program 1/Compile" start="@1646950043000" delta="41" />
  <time id="28" path="/Non Project/PSP for Engineers/Program 1/Test" start="@1647307582000" delta="5" />
  <time id="30" path="/Non Project/PSP for Engineers/Program 1/Test" start="@1647308594000" delta="25" />
  <time id="34" path="/Non Project/PSP for Engineers/Program 1/Code" start="@1646670496000" delta="87" />
  <time id="35" path="/Non Project/PSP for Engineers/Program 1/Code" start="@1646759642000" delta="46" />
  <time id="37" path="/Non Project/PSP for Engineers/Program 1/Code" start="@1646841826000" delta="78" />
  <time id="38" path="/Non Project/PSP for Engineers/Program 1/Code" start="@1646933286000" delta="54" />
  <time id="40" path="/Non Project/PSP for Engineers/Program 1/Code" start="@1647016228000" delta="42" />
  <time id="44" path="/Non Project/PSP for Engineers/Program 1/Code" start="@1645721575000" delta="74" />
  <time id="47" path="/Non Project/PSP for Engineers/Program 1/Code" start="@1646067274000" delta="68" />
  <time id="48" path="/Non Project/PSP for Engineers/Program 1/Postmortem" start="@1647361824000" delta="8" />
  <time id="50" path="/Non Project/PSP for Engineers/Program 1/Compile" start="@1647041826000" delta="25" />
  <time id="55" path="/Non Project/PSP for Engineers/Program 1/Code" start="@1647278861000" delta="47" />
  <time id="57" path="/Non Project/PSP for Engineers/Program 1/Code" start="@1646413763000" delta="37" />
  <time id="58" path="/Non Project/PSP for Engineers/Program 1/Postmortem" start="@1650991714000" delta="4" />
  <time id="59" path="/Non Project/PSP for Engineers/Program 2/Planning" start="@1651619923894" delta="5" />
</timeLogEntries>
