<?xml version='1.0' encoding='UTF-8' ?>
<timeLogEntries>
  <time id="2" path="/Non Project/PSP for Engineers/Program 1/Planning" start="@1645226955000" delta="3" />
  <time id="4" path="/Non Project/PSP for Engineers/Program 1/Planning" start="@1645227194000" delta="5" />
  <time id="5" path="/Non Project/PSP for Engineers/Program 1/Design" start="@1645459726000" delta="10" />
  <time id="6" path="/Non Project/PSP for Engineers/Program 1/Design" start="@1645461143000" delta="7" />
  <time id="7" path="/Non Project/PSP for Engineers/Program 1/Code" start="@1645462926347" delta="35" interrupt="3" />
  <time id="8" path="/Non Project/PSP for Engineers/Program 1/Code" start="@1645546018000" delta="44" />
  <time id="10" path="/Non Project/PSP for Engineers/Program 1/Code" start="@1645636652000" delta="24" />
  <time id="11" path="/Non Project/PSP for Engineers/Program 1/Code" start="@1646154143000" delta="31" />
  <time id="12" path="/Non Project/PSP for Engineers/Program 1/Code" start="@1646241787000" delta="39" />
  <time id="13" path="/Non Project/PSP for Engineers/Program 1/Code" start="@1646323605000" delta="54" />
  <time id="22" path="/Non Project/PSP for Engineers/Program 1/Compile" start="@1646950043000" delta="41" />
  <time id="28" path="/Non Project/PSP for Engineers/Program 1/Test" start="@1647307582000" delta="5" />
  <time id="30" path="/Non Project/PSP for Engineers/Program 1/Test" start="@1647308594000" delta="25" />
  <time id="34" path="/Non Project/PSP for Engineers/Program 1/Code" start="@1646670496000" delta="87" />
  <time id="35" path="/Non Project/PSP for Engineers/Program 1/Code" start="@1646759642000" delta="46" />
  <time id="37" path="/Non Project/PSP for Engineers/Program 1/Code" start="@1646841826000" delta="78" />
  <time id="38" path="/Non Project/PSP for Engineers/Program 1/Code" start="@1646933286000" delta="54" />
  <time id="40" path="/Non Project/PSP for Engineers/Program 1/Code" start="@1647016228000" delta="42" />
  <time id="44" path="/Non Project/PSP for Engineers/Program 1/Code" start="@1645721575000" delta="74" />
  <time id="47" path="/Non Project/PSP for Engineers/Program 1/Code" start="@1646067274000" delta="68" />
  <time id="48" path="/Non Project/PSP for Engineers/Program 1/Postmortem" start="@1647361824000" delta="8" />
  <time id="50" path="/Non Project/PSP for Engineers/Program 1/Compile" start="@1647041826000" delta="25" />
  <time id="55" path="/Non Project/PSP for Engineers/Program 1/Code" start="@1647278861000" delta="47" />
  <time id="57" path="/Non Project/PSP for Engineers/Program 1/Code" start="@1646413763000" delta="37" />
  <time id="58" path="/Non Project/PSP for Engineers/Program 1/Postmortem" start="@1650991714000" delta="4" />
  <time id="59" path="/Non Project/PSP for Engineers/Program 2/Planning" start="@1651619923894" delta="5" />
  <time id="60" path="/Non Project/PSP for Engineers/Program 2/Planning" start="@1651624171000" delta="1" />
  <time id="67" path="/Non Project/PSP for Engineers/Program 2/Code" start="@1651761847000" delta="28" />
  <time id="73" path="/Non Project/PSP for Engineers/Program 2/Postmortem" start="@1651814291906" delta="15" />
  <time id="61" path="/Non Project/PSP for Engineers/Program 2/Design" start="@1651676974000" delta="16" />
  <time id="64" path="/Non Project/PSP for Engineers/Program 2/Code" start="@1651702345000" delta="27" comment="" />
  <time id="65" path="/Non Project/PSP for Engineers/Program 2/Code" start="@1651704199000" delta="116" />
  <time id="68" path="/Non Project/PSP for Engineers/Program 2/Compile" start="@1651763838000" delta="48" />
  <time id="69" path="/Non Project/PSP for Engineers/Program 2/Test" start="@1651766823000" delta="94" />
  <time id="74" path="/Non Project/PSP for Engineers/Program 3/Planning" start="@1652595655000" delta="8" />
  <time id="75" path="/Non Project/PSP for Engineers/Program 3/Design" start="@1652798239000" delta="9" />
  <time id="77" path="/Non Project/PSP for Engineers/Program 3/Code" start="@1652798832000" delta="113" />
  <time id="78" path="/Non Project/PSP for Engineers/Program 3/Compile" start="@1652805972000" delta="23" />
  <time id="79" path="/Non Project/PSP for Engineers/Program 3/Test" start="@1652808918000" delta="35" />
  <time id="80" path="/Non Project/PSP for Engineers/Program 3/Postmortem" start="@1652893466000" delta="12" />
  <time id="81" path="/Non Project/PSP for Engineers/Program 4/Planning" start="@1653575072000" delta="8" />
  <time id="82" path="/Non Project/PSP for Engineers/Program 4/Design" start="@1653578251000" delta="12" />
  <time id="83" path="/Non Project/PSP for Engineers/Program 4/Code" start="@1653584849000" delta="36" />
  <time id="84" path="/Non Project/PSP for Engineers/Program 4/Code" start="@1653603973000" delta="22" />
  <time id="85" path="/Non Project/PSP for Engineers/Program 4/Code" start="@1653666368000" delta="28" />
  <time id="86" path="/Non Project/PSP for Engineers/Program 4/Code" start="@1653697338000" delta="17" />
  <time id="87" path="/Non Project/PSP for Engineers/Program 4/Code" start="@1653748173000" delta="18" />
  <time id="88" path="/Non Project/PSP for Engineers/Program 4/Code" start="@1653783407000" delta="27" />
  <time id="89" path="/Non Project/PSP for Engineers/Program 4/Code" start="@1653844106000" delta="43" />
  <time id="90" path="/Non Project/PSP for Engineers/Program 4/Compile" start="@1653858669000" delta="22" />
  <time id="91" path="/Non Project/PSP for Engineers/Program 4/Test" start="@1653863314000" delta="33" />
  <time id="92" path="/Non Project/PSP for Engineers/Program 4/Postmortem" start="@1653970217000" delta="13" />
  <time id="93" path="/Non Project/PSP for Engineers/Program 5/Planning" start="@1654531226000" delta="8" />
  <time id="95" path="/Non Project/PSP for Engineers/Program 5/Design" start="@1654557473000" delta="14" />
  <time id="96" path="/Non Project/PSP for Engineers/Program 5/Design Review" start="@1654558415000" delta="4" />
  <time id="98" path="/Non Project/PSP for Engineers/Program 5/Code" start="@1654559061000" delta="34" />
  <time id="99" path="/Non Project/PSP for Engineers/Program 5/Code Review" start="@1654561372000" delta="8" />
  <time id="100" path="/Non Project/PSP for Engineers/Program 5/Compile" start="@1654561918000" delta="2" />
  <time id="101" path="/Non Project/PSP for Engineers/Program 5/Test" start="@1654562286000" delta="12" />
  <time id="102" path="/Non Project/PSP for Engineers/Program 5/Postmortem" start="@1654625588000" delta="6" />
</timeLogEntries>
